,pdb_id,center_x,center_y,center_z
0,4xli,29.458121212121213,21.709636363636363,-4.096515151515152
1,4xli,53.57357575757577,58.24245454545454,-21.980242424242427
